{"score":1.3500000000000014,"firstSeen":"797283404654575657","verified":true,"averageSentiment":[0.09000000715255752]}