{"score":1.8599999317526836,"firstSeen":"687441815594336340","verified":true,"averageSentiment":[-0.16000000476837162,0.09000000715255752,0.8099999570846563,-0.16000000476837162,0.09000000715255752,0.040000001192092904,0,0.09000000715255752,-0.040000001192092904,0.010000000298023226,-0.09000000715255752,0.010000000298023226,0.09000000715255752,0.09000000715255752,0.010000000298023226,0.09000000715255752,0.09000000715255752,0.8099999570846563,0.8099999570846563,0.09000000715255752,0,-0.4899999833106996,0.09000000715255752,0,0,0.09000000715255752,0,0,-0.36000002861023006,0.25,-0.4899999833106996]}