{"score":0.20000000596046452,"firstSeen":"797283404654575657","averageSentiment":[0,0.040000001192092904]}