{"score":-0.48000001430511485,"firstSeen":"797283404654575657","averageSentiment":[-0.16000000476837162,-0.16000000476837162]}