{"score":0.5400000429153451,"firstSeen":"797283404654575657","averageSentiment":[0.09000000715255752,0.09000000715255752,0.09000000715255752,0.09000000715255752,0.09000000715255752]}